toegangsnummer,uuid,bestandsnaam,reason
10035,80ae8644-0145-40ae-e053-b784100ad8d3,D10100000102.jpg,file not found inside archive folder(s)
10035,80ae8644-0145-40ae-e053-b784100ad8d3,D10100000102.jpg,file not found inside archive folder(s)
10035,80ae8644-014e-40ae-e053-b784100ad8d3,D10100000104.jpg,file not found inside archive folder(s)
10035,80ae8644-014e-40ae-e053-b784100ad8d3,D10100000104.jpg,file not found inside archive folder(s)
10035,80ae8644-014f-40ae-e053-b784100ad8d3,D10100000138.jpg,file not found inside archive folder(s)
10035,80ae8644-014f-40ae-e053-b784100ad8d3,D10100000138.jpg,file not found inside archive folder(s)
10035,80ae8644-0153-40ae-e053-b784100ad8d3,D10100000174.jpg,file not found inside archive folder(s)
10035,80ae8644-0153-40ae-e053-b784100ad8d3,D10100000174.jpg,file not found inside archive folder(s)
10035,80ae8644-015e-40ae-e053-b784100ad8d3,D10100000114.jpg,file not found inside archive folder(s)
10035,80ae8644-015e-40ae-e053-b784100ad8d3,D10100000114.jpg,file not found inside archive folder(s)
10035,80ae8644-0161-40ae-e053-b784100ad8d3,D10100000177.jpg,file not found inside archive folder(s)
10035,80ae8644-0161-40ae-e053-b784100ad8d3,D10100000177.jpg,file not found inside archive folder(s)
10035,80ae8644-0177-40ae-e053-b784100ad8d3,D10100000194.jpg,file not found inside archive folder(s)
10035,80ae8644-0177-40ae-e053-b784100ad8d3,D10100000194.jpg,file not found inside archive folder(s)
30093,1d975909-26f7-f2d2-425f-3c61951d3f33,D10021019021.tif,file not found inside archive folder(s)
30093,1d975909-26f7-f2d2-425f-3c61951d3f33,D10021019022.tif,file not found inside archive folder(s)
30093,1d975909-26f7-f2d2-425f-3c61951d3f33,D10021019023.tif,file not found inside archive folder(s)
30093,1d975909-26f7-f2d2-425f-3c61951d3f33,D10021019024.tif,file not found inside archive folder(s)
30093,1d975909-26f7-f2d2-425f-3c61951d3f33,D10021019025.tif,file not found inside archive folder(s)
30093,1d975909-26f7-f2d2-425f-3c61951d3f33,D10021019026.tif,file not found inside archive folder(s)
30093,1d975909-26f7-f2d2-425f-3c61951d3f33,D10021019027.tif,file not found inside archive folder(s)
30093,1d975909-26f7-f2d2-425f-3c61951d3f33,D10021019028.tif,file not found inside archive folder(s)
30093,1d975909-26f7-f2d2-425f-3c61951d3f33,D10021019029.tif,file not found inside archive folder(s)
30093,1d975909-26f7-f2d2-425f-3c61951d3f33,D10021019030.tif,file not found inside archive folder(s)
30093,1d975909-26f7-f2d2-425f-3c61951d3f33,D10021019031.tif,file not found inside archive folder(s)
30093,1d975909-26f7-f2d2-425f-3c61951d3f33,D10021019032.tif,file not found inside archive folder(s)
30093,1d975909-26f7-f2d2-425f-3c61951d3f33,D10021019033.tif,file not found inside archive folder(s)
30110,222b0cae-71f1-aecc-307e-5b16a53225ca,D10026000215.tif,file not found inside archive folder(s)
30110,222b0cae-71f1-aecc-307e-5b16a53225ca,D10026000216.tif,file not found inside archive folder(s)
30110,222b0cae-71f1-aecc-307e-5b16a53225ca,D10026000217.tif,file not found inside archive folder(s)
30110,222b0cae-71f1-aecc-307e-5b16a53225ca,D10026000218.tif,file not found inside archive folder(s)
30110,222b0cae-71f1-aecc-307e-5b16a53225ca,D10026000219.tif,file not found inside archive folder(s)
30110,222b0cae-71f1-aecc-307e-5b16a53225ca,D10026000220.tif,file not found inside archive folder(s)
30110,222b0cae-71f1-aecc-307e-5b16a53225ca,D10026000221.tif,file not found inside archive folder(s)
30110,222b0cae-71f1-aecc-307e-5b16a53225ca,D10026000222.tif,file not found inside archive folder(s)
30110,222b0cae-71f1-aecc-307e-5b16a53225ca,D10026000223.tif,file not found inside archive folder(s)
30110,222b0cae-71f1-aecc-307e-5b16a53225ca,D10026000224.tif,file not found inside archive folder(s)
30110,222b0cae-71f1-aecc-307e-5b16a53225ca,D10026000225.tif,file not found inside archive folder(s)
30110,222b0cae-71f1-aecc-307e-5b16a53225ca,D10026000226.tif,file not found inside archive folder(s)
30110,222b0cae-71f1-aecc-307e-5b16a53225ca,D10026000227.tif,file not found inside archive folder(s)
30110,222b0cae-71f1-aecc-307e-5b16a53225ca,D10026000228.tif,file not found inside archive folder(s)
30110,222b0cae-71f1-aecc-307e-5b16a53225ca,D10026000229.tif,file not found inside archive folder(s)
30110,222b0cae-71f1-aecc-307e-5b16a53225ca,D10026000230.tif,file not found inside archive folder(s)
